Title,Time,Class
"After rejecting Google takeover, Wiz says it will IPO 'when the stars align'",2024-10-18,Market Insider
"Stocks making biggest moves after hours: Netflix, Intuitive Surgical and more",4 hours ago,Market Insider
"Stocks making the biggest moves midday: Nvidia, Travelers, Blackstone and more","Thu, Oct 17th 2024",Market Insider
Why 401(k) plans are the 'final frontier' for exchange-traded funds,"Thu, Oct 17th 2024",Personal Finance
"Robinhood launches platform to go after bigger, more active traders","Thu, Oct 17th 2024",Market Insider
"Stocks making biggest moves premarket: Elevance Health, Expedia, Lucid and more","Thu, Oct 17th 2024",Finance
"Stocks making the biggest moves after hours: Discover, Kinder Morgan and more","Thu, Oct 17th 2024",China Economy
"Stocks making biggest moves midday: United Airlines, Morgan Stanley and more","Thu, Oct 17th 2024",Market Insider
Here's why the U.S. retirement system isn't among the world's best,"Thu, Oct 17th 2024",Market Insider
"Stocks making the biggest moves premarket: Morgan Stanley, Cisco, ASML and more","Thu, Oct 17th 2024",Banks
Morgan Stanley shares pop 7% after beating estimates for third-quarter profit,"Thu, Oct 17th 2024",Finance
"Alibaba's international arm says new AI translation tool beats Google, ChatGPT","Thu, Oct 17th 2024",Banks
"Stocks making the biggest moves midday: ASML, UnitedHealth, Walgreens and more","Wed, Oct 16th 2024",Finance
"Stocks making biggest moves premarket: Goldman Sachs, Bank of America and more","Wed, Oct 16th 2024",Federal Reserve
"Citigroup earnings top estimates, but stock falls as bank boosts loan loss reserves","Wed, Oct 16th 2024",Market Insider
Bank of America tops estimates on better-than-expected trading revenue,"Wed, Oct 16th 2024",Markets
Dutch government to reduce its stake in ABN Amro by a quarter,"Wed, Oct 16th 2024",Markets
Goldman Sachs beats estimates as trading and investment banking boost results,"Wed, Oct 16th 2024",Market Insider
Fed Governor Waller sees need for 'more caution' when lowering interest rates,"Wed, Oct 16th 2024",China Economy
"Stocks making the biggest moves midday: SoFi, Caterpillar, SiriusXM and more","Wed, Oct 16th 2024",China Economy
Warren Buffett's Berkshire Hathaway hikes its SiriusXM stake to 32% ,"Wed, Oct 16th 2024",Elections
Pro-Palestine protestors cause disturbance outside the New York Stock Exchange,"Wed, Oct 16th 2024",ETF Edge
"Stocks making biggest moves premarket: Flutter, Boeing, SiriusXM and more","Tue, Oct 15th 2024",China Economy
China's exports and imports grew far less than expected in September,"Tue, Oct 15th 2024",Personal Finance
China's Ministry of Finance tackles debt problems before economic challenges,"Tue, Oct 15th 2024",Market Insider
"China's real estate stimulus could boost this stock, analysts say","Tue, Oct 15th 2024",Market Insider
Trump or Harris? Here are the 2024 stakes for America's biggest businesses,"Tue, Oct 15th 2024",Finance
Hyper-local vs. hyper-focused: Two China ETFs go on different paths,"Tue, Oct 15th 2024",Markets
